dataset,regime,detector,PR_AUC_with_clock,PR_AUC_without_clock,alerts_with_clock,alerts_without_clock,with_clock_source,PR_AUC_difference
ULB,U,IsolationForest,0.0546,0.0377,168,189,headline (canonical_results.csv),0.0169
ULB,U,LOF,0.0763,0.0811,626,436,headline (canonical_results.csv),-0.0048
ULB,U,OneClassSVM,0.0839,0.085,198,195,headline (canonical_results.csv),-0.0011
ULB,U,DBSCAN,0.0247,0.0807,175,184,headline (canonical_results.csv),-0.056
ULB,U,KMeans,0.0679,0.0606,198,178,headline (canonical_results.csv),0.0073
ULB,U,Ensemble,0.0695,0.079,188,176,headline (canonical_results.csv),-0.0095
ULB,N,IsolationForest,0.0369,0.0307,184,178,headline (canonical_results.csv),0.0062
ULB,N,LOF,0.6032,0.5964,633,474,headline (canonical_results.csv),0.0067
ULB,N,OneClassSVM,0.1248,0.1261,196,184,headline (canonical_results.csv),-0.0014
ULB,N,DBSCAN,0.025,0.0252,179,179,headline (canonical_results.csv),-0.0002
ULB,N,KMeans,0.0673,0.0675,179,178,headline (canonical_results.csv),-0.0001
ULB,N,Ensemble,0.14,0.142,193,188,headline (canonical_results.csv),-0.002
PaySim,U,IsolationForest,0.0161,0.0129,857,837,headline (canonical_results.csv),0.0032
PaySim,U,LOF,0.0031,0.1483,358002,1243,headline (canonical_results.csv),-0.1452
PaySim,U,OneClassSVM,0.1054,0.0849,1464,1436,headline (canonical_results.csv),0.0206
PaySim,U,DBSCAN,0.0248,0.0215,1060,1053,headline (canonical_results.csv),0.0033
PaySim,U,KMeans,0.0419,0.0366,1244,1230,headline (canonical_results.csv),0.0054
PaySim,U,Ensemble,0.1502,0.059,965,686,headline (canonical_results.csv),0.0912
PaySim,N,IsolationForest,0.0165,0.0124,1003,839,headline (canonical_results.csv),0.0041
PaySim,N,LOF,0.003,0.1905,374177,1666,headline (canonical_results.csv),-0.1875
PaySim,N,OneClassSVM,0.1018,0.1048,1443,1404,headline (canonical_results.csv),-0.003
PaySim,N,DBSCAN,0.0248,0.0215,1060,1053,headline (canonical_results.csv),0.0033
PaySim,N,KMeans,0.0458,0.0381,1105,1097,headline (canonical_results.csv),0.0077
PaySim,N,Ensemble,0.1706,0.0686,1322,650,headline (canonical_results.csv),0.102
