dataset,regime,detector,spearman_with_clock,spearman_without_clock
ULB,U,IsolationForest,0.027,0.043
ULB,U,LOF,0.263,0.151
ULB,U,OneClassSVM,0.159,0.019
ULB,U,DBSCAN,0.012,0.098
ULB,U,KMeans,0.107,-0.018
ULB,U,Ensemble,0.138,0.073
ULB,N,IsolationForest,0.04,0.035
ULB,N,LOF,0.263,0.142
ULB,N,OneClassSVM,0.164,0.026
ULB,N,DBSCAN,0.017,-0.038
ULB,N,KMeans,0.101,-0.018
ULB,N,Ensemble,0.142,0.034
PaySim,U,IsolationForest,-0.008,-0.005
PaySim,U,LOF,0.329,0.003
PaySim,U,OneClassSVM,0.923,0.012
PaySim,U,DBSCAN,0.477,-0.011
PaySim,U,KMeans,0.79,-0.005
PaySim,U,Ensemble,0.563,0.0
PaySim,N,IsolationForest,-0.008,-0.006
PaySim,N,LOF,0.328,0.004
PaySim,N,OneClassSVM,0.908,0.013
PaySim,N,DBSCAN,0.476,-0.012
PaySim,N,KMeans,0.805,-0.006
PaySim,N,Ensemble,0.576,-0.0
